operateur,region,regionNom,latitude,longitude,typeMesure,timestamp,rssi,rsrp,rsrq,sinr,debitDescendant,debitMontant,latence,gigue,tauxAppelReussi,tauxDropCall,debitDownload,debitUpload,ping,dnsLookupTime,tcpConnectTime,scoreQoE,pageLoadTime,videoBuffering,campagne
CELCOM,GKD,Guéckédou,8.953007,-10.286643,MOBILE,2025-11-06T06:23:10.000Z,-90.8,-115.7,-16.4,-7.7,,,367.1,135.5,5.5,38.3,0.29,0.08,581.9,238.9,1369.7,13.0,54.06,18.8,Drive Test Guéckédou 2025-Q4
CELCOM,DLB,Dalaba,10.66486,-12.220213,INTERNET,2025-10-08T17:04:25.000Z,-93.8,-120.5,-19.9,-6.5,,,663.0,104.7,32.1,72.5,0.09,0.04,1616.5,593.8,1999.8,7.0,31.67,43.5,Drive Test Dalaba 2025-Q4
CELCOM,ZKR,N'Zérékoré,7.730706,-8.811546,INTERNET,2025-11-06T18:42:21.000Z,-59.8,-86.1,-9.8,1.8,9.6,3.5,50.0,12.0,74.7,11.6,16.69,3.74,49.0,68.6,99.6,46.0,5.48,4.81,Drive Test N'Zérékoré 2025-Q4
CELCOM,FRN,Faranah,9.780476,-10.463793,MOBILE,2025-11-04T17:40:51.000Z,-98.1,-125.4,-18.8,-10.2,,,301.0,108.5,14.5,63.3,0.2,0.09,1268.7,270.0,705.4,1.0,23.24,32.05,Drive Test Faranah 2025-Q4
CELCOM,KKA,Kankan,10.419227,-9.502236,MOBILE,2025-11-27T09:23:31.000Z,-99.7,-118.3,-19.3,-7.3,,,472.3,104.1,34.4,40.9,0.31,0.06,215.0,279.8,1886.6,5.0,15.86,21.03,Drive Test Kankan 2025-Q4
CELCOM,CON,Conakry,9.527097,-13.718335,MOBILE,2025-11-13T08:34:01.000Z,-93.5,-117.1,-19.0,-8.8,,,760.6,52.4,11.9,53.2,0.08,0.02,1281.0,330.9,335.4,6.0,52.19,28.71,Drive Test Conakry 2025-Q4
CELCOM,ZKR,N'Zérékoré,7.566517,-8.971604,MOBILE,2025-11-03T23:57:54.000Z,-71.1,-93.1,-12.6,-0.2,7.2,3.0,57.0,12.5,73.9,7.2,,,,,,50.0,7.77,,Drive Test N'Zérékoré 2025-Q4
CELCOM,KKA,Kankan,10.258875,-9.296198,MOBILE,2025-12-25T13:34:22.000Z,-99.6,-119.9,-18.6,-9.1,,,716.0,111.0,30.3,73.2,0.14,0.07,382.4,109.0,825.8,15.0,31.04,18.74,Drive Test Kankan 2025-Q4
CELCOM,CON,Conakry,9.453491,-13.797308,MOBILE,2025-12-12T14:04:47.000Z,-89.0,-97.1,-16.0,2.7,9.2,3.7,69.3,12.9,88.8,10.8,,,,,,63.0,8.85,,Drive Test Conakry 2025-Q4
CELCOM,KIN,Kindia,10.278436,-12.833574,MOBILE,2025-11-12T13:25:16.000Z,-93.3,-115.0,-16.1,-3.7,,,756.5,127.0,24.6,74.5,0.4,0.07,879.2,230.1,1995.3,0.0,36.57,25.77,Drive Test Kindia 2025-Q4
CELCOM,MMU,Mamou,10.642846,-12.006887,MOBILE,2025-12-22T21:29:54.000Z,-102.9,-114.9,-18.1,-11.8,,,546.4,123.2,4.6,44.8,0.38,0.2,1492.3,272.7,1366.2,0.0,46.91,26.37,Drive Test Mamou 2025-Q4
CELCOM,MMU,Mamou,10.623781,-12.039341,MOBILE,2025-10-22T14:45:47.000Z,-67.9,-87.3,-10.0,7.6,8.2,3.4,63.3,11.2,72.0,9.9,,,,,,46.0,7.94,,Drive Test Mamou 2025-Q4
CELCOM,ZKR,N'Zérékoré,7.846314,-9.016185,MOBILE,2025-12-31T21:56:15.000Z,-72.7,-84.3,-10.3,-0.5,6.0,2.6,47.6,12.1,73.3,11.9,,,,,,44.0,5.73,,Drive Test N'Zérékoré 2025-Q4
CELCOM,KDR,Koundara,11.985686,-12.915349,MOBILE,2025-12-05T04:21:24.000Z,-30.0,-44.0,-7.7,-1.1,3.4,1.4,22.3,4.1,32.3,3.9,,,,,,21.0,2.93,,Drive Test Koundara 2025-Q4
CELCOM,CON,Conakry,9.631739,-13.707399,MOBILE,2025-11-06T03:42:39.000Z,-101.4,-110.5,-17.9,-5.9,,,566.6,55.0,30.7,47.8,0.0,0.12,1317.5,413.8,1504.5,13.0,23.06,21.23,Drive Test Conakry 2025-Q4
CELCOM,LBE,Labé,11.217755,-12.134442,MOBILE,2025-10-06T04:01:03.000Z,-106.4,-125.3,-16.4,-11.0,,,829.3,116.2,12.2,64.3,0.27,0.09,1597.4,364.6,1297.9,12.0,22.1,35.26,Drive Test Labé 2025-Q4
CELCOM,GKD,Guéckédou,8.618595,-10.341416,MOBILE,2025-10-10T03:09:46.000Z,-30.0,-44.0,-7.7,4.1,3.0,1.0,20.3,6.4,32.3,3.1,,,,,,19.0,3.52,,Drive Test Guéckédou 2025-Q4
CELCOM,BKE,Boké,10.96699,-14.21637,INTERNET,2025-11-19T23:26:40.000Z,-57.0,-69.2,-10.9,4.5,7.2,2.9,36.2,9.7,58.5,7.8,9.41,4.11,36.7,60.2,86.3,38.0,6.28,4.72,Drive Test Boké 2025-Q4
CELCOM,ZKR,N'Zérékoré,7.89279,-8.70116,INTERNET,2025-11-29T22:44:04.000Z,-64.0,-82.4,-12.4,3.1,9.8,4.9,45.8,15.9,75.6,10.2,17.65,4.7,43.2,57.9,127.2,46.0,5.08,4.24,Drive Test N'Zérékoré 2025-Q4
CELCOM,LBE,Labé,11.115554,-12.222393,MOBILE,2025-10-28T18:23:06.000Z,-93.3,-120.5,-17.4,-11.1,,,490.0,136.0,14.8,68.1,0.28,0.01,1125.3,569.2,1863.3,3.0,32.48,38.09,Drive Test Labé 2025-Q4
CELCOM,GKD,Guéckédou,8.88095,-9.709262,MOBILE,2025-11-22T21:08:56.000Z,-104.9,-124.9,-16.4,-7.1,,,497.3,30.5,4.6,64.8,0.42,0.18,794.6,664.4,1029.4,3.0,22.01,35.03,Drive Test Guéckédou 2025-Q4
CELCOM,LBE,Labé,11.298713,-12.193582,MOBILE,2025-11-14T10:47:40.000Z,-62.0,-91.9,-11.7,0.4,6.5,2.2,62.8,9.5,74.1,12.0,,,,,,44.0,7.66,,Drive Test Labé 2025-Q4
CELCOM,CON,Conakry,9.60212,-13.631602,MOBILE,2025-12-29T01:41:29.000Z,-87.5,-98.3,-13.3,0.3,9.3,3.2,67.8,11.2,89.6,10.0,,,,,,54.0,9.18,,Drive Test Conakry 2025-Q4
CELCOM,KIN,Kindia,10.098791,-12.761568,MOBILE,2025-11-10T05:38:16.000Z,-59.8,-90.8,-13.5,3.4,7.2,3.3,55.3,15.2,74.3,7.6,,,,,,47.0,6.65,,Drive Test Kindia 2025-Q4
CELCOM,FRN,Faranah,10.126443,-10.801609,INTERNET,2025-12-21T19:26:51.000Z,-53.1,-73.6,-6.4,5.3,6.5,3.0,44.7,10.8,58.3,8.6,9.64,2.93,35.2,52.1,93.9,36.0,3.79,3.71,Drive Test Faranah 2025-Q4
CELCOM,CON,Conakry,9.540903,-13.677733,INTERNET,2025-11-12T05:15:35.000Z,-92.2,-116.3,-18.1,-5.7,,,558.7,144.1,33.5,67.9,0.36,0.04,685.0,144.8,1972.0,2.0,32.49,23.96,Drive Test Conakry 2025-Q4
CELCOM,FRN,Faranah,10.147566,-10.619032,MOBILE,2025-12-19T14:43:10.000Z,-52.9,-71.5,-6.6,6.5,5.6,2.2,47.4,8.3,57.6,6.1,,,,,,36.0,4.56,,Drive Test Faranah 2025-Q4
CELCOM,KDG,Kissidougou,9.243646,-9.785588,MOBILE,2025-10-25T03:28:47.000Z,-94.8,-126.6,-17.5,-7.6,,,307.3,84.0,34.3,74.9,0.17,0.15,643.9,184.8,652.8,7.0,38.96,42.93,Drive Test Kissidougou 2025-Q4
CELCOM,BLA,Beyla,9.026926,-8.227094,MOBILE,2025-11-23T15:32:57.000Z,-99.9,-113.3,-18.8,-10.0,,,380.4,35.5,29.3,74.3,0.38,0.07,586.8,700.4,1898.2,10.0,54.46,21.18,Drive Test Beyla 2025-Q4
CELCOM,LBE,Labé,11.38903,-12.297374,MOBILE,2025-11-03T21:10:04.000Z,-63.3,-92.8,-10.5,7.5,7.1,2.6,63.7,13.3,73.0,11.4,,,,,,46.0,7.31,,Drive Test Labé 2025-Q4
CELCOM,CON,Conakry,9.436842,-13.701251,MOBILE,2025-11-21T08:58:52.000Z,-95.9,-126.5,-16.1,-11.6,,,628.5,106.3,27.6,75.0,0.02,0.12,1849.5,346.5,792.4,14.0,50.86,26.56,Drive Test Conakry 2025-Q4
CELCOM,CYA,Coyah,9.722809,-13.50253,MOBILE,2025-12-03T09:23:07.000Z,-99.8,-117.8,-17.8,-9.7,,,822.2,141.3,23.0,78.1,0.23,0.07,1300.3,367.6,383.9,15.0,31.69,13.51,Drive Test Coyah 2025-Q4
CELCOM,CYA,Coyah,9.779445,-13.384301,MOBILE,2025-10-02T17:44:58.000Z,-104.5,-120.2,-19.2,-3.0,,,794.6,149.2,13.7,70.0,0.46,0.03,341.4,276.7,858.7,5.0,40.25,42.51,Drive Test Coyah 2025-Q4
CELCOM,KDG,Kissidougou,9.558052,-9.776454,INTERNET,2025-11-12T20:02:36.000Z,-35.5,-44.0,-3.0,4.8,3.9,1.6,18.3,4.1,31.9,4.9,6.6,1.73,18.6,30.4,56.0,19.0,2.29,1.35,Drive Test Kissidougou 2025-Q4
CELCOM,ZKR,N'Zérékoré,7.658457,-8.851182,INTERNET,2025-10-18T04:51:20.000Z,-97.6,-115.1,-16.1,-10.7,,,594.1,135.7,11.3,58.4,0.16,0.02,272.7,337.5,1075.2,7.0,31.43,42.15,Drive Test N'Zérékoré 2025-Q4
CELCOM,KIN,Kindia,10.114439,-12.875007,MOBILE,2025-12-03T07:35:19.000Z,-69.6,-83.6,-11.2,1.2,5.9,2.3,46.0,13.3,72.7,12.1,,,,,,51.0,8.16,,Drive Test Kindia 2025-Q4
CELCOM,KKA,Kankan,10.388297,-9.29905,MOBILE,2025-12-26T16:54:56.000Z,-92.5,-119.0,-18.2,-7.3,,,671.5,125.5,14.6,41.2,0.36,0.0,212.2,239.6,945.2,11.0,35.43,34.43,Drive Test Kankan 2025-Q4
CELCOM,CON,Conakry,9.469024,-13.671151,MOBILE,2025-10-17T19:13:44.000Z,-78.6,-109.6,-14.4,9.3,7.6,4.0,78.0,14.6,89.1,8.5,,,,,,59.0,7.56,,Drive Test Conakry 2025-Q4
CELCOM,LBE,Labé,11.290112,-12.31016,MOBILE,2025-12-14T21:44:44.000Z,-65.8,-87.4,-9.5,4.4,6.8,2.6,60.4,11.1,74.6,10.4,,,,,,48.0,10.21,,Drive Test Labé 2025-Q4
CELCOM,KKA,Kankan,10.190861,-9.218881,INTERNET,2025-11-24T13:50:15.000Z,-68.3,-77.3,-9.5,0.5,10.3,4.2,47.8,14.4,75.2,10.6,15.79,3.69,45.8,69.0,123.7,52.0,6.78,6.68,Drive Test Kankan 2025-Q4
CELCOM,GKD,Guéckédou,8.919644,-10.40962,MOBILE,2025-12-10T19:14:58.000Z,-96.9,-126.5,-18.1,-8.9,,,716.6,95.1,30.4,55.3,0.39,0.04,486.5,673.0,1755.8,11.0,26.61,33.13,Drive Test Guéckédou 2025-Q4
CELCOM,MLI,Mali,12.320307,-11.70169,MOBILE,2025-12-05T11:42:02.000Z,-34.9,-44.0,-7.8,-1.0,3.5,1.0,24.6,5.1,31.8,4.9,,,,,,22.0,4.32,,Drive Test Mali 2025-Q4
CELCOM,FRN,Faranah,9.882434,-10.993798,MOBILE,2025-12-12T16:19:15.000Z,-100.4,-126.4,-16.1,-3.3,,,265.1,74.3,0.2,71.4,0.26,0.02,1779.8,786.9,1929.7,7.0,49.07,26.91,Drive Test Faranah 2025-Q4
CELCOM,CON,Conakry,9.462399,-13.650421,INTERNET,2025-12-12T23:12:38.000Z,-89.0,-105.4,-11.8,1.8,10.9,5.4,70.9,18.5,89.7,15.1,16.71,6.45,49.3,99.2,176.1,64.0,6.94,6.42,Drive Test Conakry 2025-Q4
CELCOM,MMU,Mamou,10.758239,-12.065934,MOBILE,2025-10-12T01:23:06.000Z,-62.6,-91.7,-10.0,5.4,7.2,3.2,48.9,15.8,74.7,11.0,,,,,,51.0,6.17,,Drive Test Mamou 2025-Q4
CELCOM,KIN,Kindia,9.975857,-12.819843,INTERNET,2025-11-06T02:22:25.000Z,-72.8,-79.5,-14.3,9.0,10.7,3.4,59.3,11.6,73.2,11.9,15.5,5.99,50.7,71.3,143.0,45.0,4.9,4.03,Drive Test Kindia 2025-Q4
CELCOM,ZKR,N'Zérékoré,7.814526,-8.968798,MOBILE,2025-11-13T10:56:36.000Z,-101.0,-110.7,-16.0,-9.2,,,473.9,82.2,28.4,77.6,0.21,0.17,1536.5,496.9,1013.8,10.0,37.9,34.26,Drive Test N'Zérékoré 2025-Q4
CELCOM,KIN,Kindia,9.960352,-12.780911,MOBILE,2025-11-06T04:25:57.000Z,-74.3,-83.3,-11.5,4.4,5.7,3.4,51.3,11.3,72.8,9.0,,,,,,45.0,9.75,,Drive Test Kindia 2025-Q4
CELCOM,ZKR,N'Zérékoré,7.746915,-8.814038,MOBILE,2025-11-16T01:26:46.000Z,-61.8,-79.3,-12.5,4.7,6.0,2.6,52.8,14.0,76.0,12.5,,,,,,51.0,7.86,,Drive Test N'Zérékoré 2025-Q4
CELCOM,DLB,Dalaba,10.996458,-12.161505,MOBILE,2025-12-20T11:03:20.000Z,-93.4,-112.6,-19.6,-2.1,,,843.2,72.4,28.1,35.7,0.47,0.01,1255.4,691.8,1289.2,7.0,20.25,35.06,Drive Test Dalaba 2025-Q4
CELCOM,FRN,Faranah,9.999349,-10.575411,MOBILE,2025-10-05T14:56:05.000Z,-94.8,-126.0,-19.4,-5.5,,,541.6,145.9,19.1,63.8,0.09,0.18,1081.8,685.1,590.1,4.0,56.22,18.22,Drive Test Faranah 2025-Q4
CELCOM,KDR,Koundara,12.226623,-12.678945,MOBILE,2025-10-08T11:29:02.000Z,-91.9,-116.6,-16.0,-6.6,,,819.4,98.6,12.0,67.3,0.2,0.13,1993.6,120.2,1706.8,7.0,29.86,14.17,Drive Test Koundara 2025-Q4
CELCOM,BKE,Boké,10.950333,-14.151182,MOBILE,2025-11-27T13:11:23.000Z,-99.0,-114.4,-16.6,-4.2,,,540.3,93.8,21.9,50.2,0.26,0.18,1760.0,411.8,520.3,11.0,57.99,39.03,Drive Test Boké 2025-Q4
CELCOM,CYA,Coyah,9.646979,-13.541011,MOBILE,2025-10-04T14:54:48.000Z,-97.1,-113.1,-18.5,-10.9,,,327.5,103.5,26.4,72.6,0.15,0.0,1339.4,670.8,471.6,5.0,34.24,36.85,Drive Test Coyah 2025-Q4
CELCOM,CON,Conakry,9.509934,-13.705374,INTERNET,2025-12-16T02:26:59.000Z,-88.7,-92.9,-12.1,2.6,13.2,4.2,59.1,17.9,90.1,10.7,19.06,4.99,47.8,77.9,145.6,63.0,7.45,7.34,Drive Test Conakry 2025-Q4
CELCOM,ZKR,N'Zérékoré,7.979038,-8.917809,MOBILE,2025-10-05T04:36:32.000Z,-103.9,-111.3,-17.8,-5.0,,,406.5,79.1,12.4,36.3,0.26,0.12,957.9,542.9,1888.6,7.0,27.72,42.79,Drive Test N'Zérékoré 2025-Q4
CELCOM,CYA,Coyah,9.905147,-13.499987,MOBILE,2025-10-24T21:51:25.000Z,-97.4,-120.9,-18.7,-11.2,,,536.1,80.1,13.9,48.3,0.34,0.17,1473.7,131.1,1741.6,1.0,50.06,39.76,Drive Test Coyah 2025-Q4
CELCOM,CYA,Coyah,9.796579,-13.574197,INTERNET,2025-10-14T19:24:37.000Z,-71.6,-91.3,-13.5,3.3,11.1,4.6,49.0,13.0,75.1,9.4,16.57,4.03,47.1,58.9,112.4,47.0,5.25,6.59,Drive Test Coyah 2025-Q4
CELCOM,CYA,Coyah,9.814289,-13.378816,MOBILE,2025-10-24T22:58:47.000Z,-106.5,-110.7,-19.6,-7.6,,,358.9,109.6,17.6,61.3,0.02,0.14,846.3,614.7,1821.5,13.0,50.43,36.5,Drive Test Coyah 2025-Q4
CELCOM,MMU,Mamou,10.267487,-12.051985,MOBILE,2025-12-27T14:47:31.000Z,-90.3,-117.5,-17.7,-11.9,,,362.9,100.9,7.6,55.4,0.24,0.12,793.5,343.0,1264.7,5.0,21.72,24.24,Drive Test Mamou 2025-Q4
CELCOM,LBE,Labé,11.476005,-12.205612,MOBILE,2025-11-10T22:18:30.000Z,-72.8,-92.9,-12.3,4.8,7.6,2.4,43.3,15.6,74.6,11.6,,,,,,43.0,9.53,,Drive Test Labé 2025-Q4
CELCOM,KIN,Kindia,10.019453,-12.851921,INTERNET,2025-12-22T07:36:21.000Z,-65.6,-90.7,-12.0,2.8,10.3,4.9,54.9,11.2,74.4,11.1,16.65,5.86,43.9,73.0,98.6,47.0,6.73,4.49,Drive Test Kindia 2025-Q4
CELCOM,ZKR,N'Zérékoré,7.597361,-8.882656,MOBILE,2025-11-24T04:53:36.000Z,-102.9,-114.3,-17.7,-5.3,,,822.2,112.4,25.1,77.0,0.14,0.18,893.0,284.0,1584.5,2.0,16.28,42.41,Drive Test N'Zérékoré 2025-Q4
CELCOM,BLA,Beyla,8.725446,-8.401132,INTERNET,2025-10-06T16:07:21.000Z,-94.8,-121.9,-16.1,-11.3,,,351.2,146.1,4.1,45.6,0.26,0.01,1943.0,472.0,1878.6,9.0,56.85,26.52,Drive Test Beyla 2025-Q4
CELCOM,SGR,Siguiri,11.477537,-9.195291,MOBILE,2025-12-29T13:53:20.000Z,-48.2,-71.2,-11.3,7.4,5.8,2.0,40.1,12.5,57.9,7.9,,,,,,41.0,5.43,,Drive Test Siguiri 2025-Q4
CELCOM,MMU,Mamou,10.4644,-12.028818,MOBILE,2025-11-04T03:08:14.000Z,-91.3,-123.4,-19.3,-4.6,,,522.5,138.9,8.2,63.3,0.35,0.19,1556.0,205.9,855.3,14.0,37.57,29.75,Drive Test Mamou 2025-Q4
CELCOM,MLI,Mali,11.835874,-12.248857,MOBILE,2025-10-27T02:01:18.000Z,-103.1,-112.5,-16.7,-4.3,,,334.8,79.4,7.8,54.4,0.01,0.15,967.2,796.4,407.9,3.0,19.93,17.78,Drive Test Mali 2025-Q4
CELCOM,MMU,Mamou,10.571742,-11.884996,INTERNET,2025-11-16T00:57:38.000Z,-90.9,-126.9,-17.5,-4.7,,,752.8,92.9,23.1,79.3,0.07,0.1,919.9,523.6,1560.9,8.0,43.17,22.74,Drive Test Mamou 2025-Q4
CELCOM,KIN,Kindia,9.954217,-12.747281,MOBILE,2025-11-14T04:49:48.000Z,-63.2,-84.7,-9.7,9.0,7.8,3.0,56.4,9.4,72.7,10.9,,,,,,50.0,8.77,,Drive Test Kindia 2025-Q4
CELCOM,BLA,Beyla,8.61525,-7.945829,MOBILE,2025-10-23T17:54:00.000Z,-93.0,-122.8,-19.0,-8.0,,,764.2,123.2,2.7,49.6,0.16,0.08,1319.3,768.8,1710.2,8.0,50.94,40.55,Drive Test Beyla 2025-Q4
CELCOM,CYA,Coyah,9.628525,-13.27709,MOBILE,2025-10-30T11:50:32.000Z,-66.0,-80.4,-9.3,3.0,7.9,3.2,58.6,9.9,72.1,10.2,,,,,,44.0,6.53,,Drive Test Coyah 2025-Q4
CELCOM,CYA,Coyah,9.830253,-13.373012,MOBILE,2025-11-06T00:38:51.000Z,-106.6,-120.6,-16.6,-11.7,,,553.4,32.9,24.0,62.0,0.44,0.03,739.5,525.9,320.3,15.0,35.66,36.98,Drive Test Coyah 2025-Q4
CELCOM,KKA,Kankan,10.24643,-9.531829,MOBILE,2025-12-30T09:00:15.000Z,-95.6,-123.4,-19.6,-5.4,,,349.2,145.3,1.6,60.5,0.29,0.02,1544.0,564.5,1034.0,5.0,51.0,20.95,Drive Test Kankan 2025-Q4
CELCOM,SGR,Siguiri,11.202507,-9.065253,MOBILE,2025-11-25T05:04:23.000Z,-57.6,-65.9,-10.1,0.3,5.7,2.6,39.7,12.0,60.2,8.0,,,,,,38.0,7.12,,Drive Test Siguiri 2025-Q4
CELCOM,SGR,Siguiri,11.402452,-9.213962,INTERNET,2025-11-15T11:29:19.000Z,-53.1,-70.4,-9.9,6.1,7.0,3.8,44.7,7.4,59.1,8.2,12.91,3.44,34.7,41.0,114.3,37.0,6.59,3.44,Drive Test Siguiri 2025-Q4
CELCOM,MMU,Mamou,10.519389,-12.098172,MOBILE,2025-10-29T19:45:06.000Z,-67.4,-76.2,-11.0,2.6,6.7,3.4,51.0,16.0,73.6,11.6,,,,,,44.0,8.37,,Drive Test Mamou 2025-Q4
CELCOM,KKA,Kankan,10.336056,-9.520575,INTERNET,2025-12-11T14:18:24.000Z,-103.3,-116.2,-18.7,-10.1,,,955.5,57.0,13.6,74.5,0.24,0.1,608.2,627.0,426.7,5.0,38.47,24.66,Drive Test Kankan 2025-Q4
CELCOM,DLB,Dalaba,10.804077,-11.867211,INTERNET,2025-11-09T18:39:25.000Z,-102.4,-117.3,-19.7,-3.3,,,398.2,74.3,2.6,43.8,0.27,0.08,1936.7,797.7,493.4,15.0,58.18,28.17,Drive Test Dalaba 2025-Q4
CELCOM,BLA,Beyla,8.601315,-8.561064,MOBILE,2025-12-13T19:59:36.000Z,-98.6,-125.7,-17.1,-7.0,,,547.6,40.3,30.0,67.6,0.2,0.18,996.4,492.1,1969.0,14.0,30.22,15.91,Drive Test Beyla 2025-Q4
CELCOM,CON,Conakry,9.56591,-13.790618,MOBILE,2025-10-31T19:36:55.000Z,-95.9,-126.1,-18.7,-10.6,,,959.6,47.2,28.1,77.5,0.03,0.18,1372.4,689.5,1875.2,5.0,52.12,39.75,Drive Test Conakry 2025-Q4
CELCOM,KIN,Kindia,9.937388,-12.894067,MOBILE,2025-10-07T10:27:50.000Z,-66.2,-75.5,-10.9,5.5,7.2,2.4,46.5,13.1,73.8,11.5,,,,,,52.0,5.86,,Drive Test Kindia 2025-Q4
CELCOM,ZKR,N'Zérékoré,7.951483,-8.815079,MOBILE,2025-11-30T04:30:18.000Z,-61.1,-76.1,-12.4,8.7,7.5,3.0,61.5,10.7,72.4,11.4,,,,,,50.0,8.87,,Drive Test N'Zérékoré 2025-Q4
CELCOM,KIN,Kindia,9.98734,-12.766324,MOBILE,2025-11-02T05:01:59.000Z,-59.8,-80.6,-10.1,6.5,5.6,2.8,62.9,15.0,74.3,12.5,,,,,,50.0,8.84,,Drive Test Kindia 2025-Q4
CELCOM,KIN,Kindia,10.082926,-12.835905,INTERNET,2025-10-26T14:34:18.000Z,-106.9,-123.2,-16.3,-6.7,,,887.1,60.2,19.0,50.4,0.29,0.09,412.1,596.4,1445.7,9.0,48.23,33.54,Drive Test Kindia 2025-Q4
CELCOM,BLA,Beyla,8.6558,-8.26123,MOBILE,2025-12-16T14:38:41.000Z,-91.3,-123.3,-19.7,-11.4,,,802.8,141.5,29.6,62.4,0.33,0.18,367.5,521.2,1925.8,11.0,59.35,20.04,Drive Test Beyla 2025-Q4
CELCOM,GKD,Guéckédou,8.168844,-10.476506,MOBILE,2025-11-01T05:06:42.000Z,-101.2,-114.7,-19.7,-11.8,,,819.4,107.5,26.4,76.6,0.02,0.07,1836.3,421.1,1348.4,8.0,27.36,37.35,Drive Test Guéckédou 2025-Q4
CELCOM,CON,Conakry,9.588891,-13.798728,INTERNET,2025-11-30T18:35:33.000Z,-78.4,-103.4,-12.0,1.7,11.7,5.0,72.1,12.4,88.4,9.6,19.5,6.91,68.3,99.0,132.4,60.0,6.83,4.7,Drive Test Conakry 2025-Q4
CELCOM,LBE,Labé,11.180424,-12.147768,INTERNET,2025-12-13T03:48:21.000Z,-64.4,-88.6,-10.9,8.1,10.7,4.8,43.9,14.9,72.9,8.1,15.53,5.88,46.0,67.1,99.6,50.0,5.6,6.57,Drive Test Labé 2025-Q4
CELCOM,MLI,Mali,11.982974,-12.00853,MOBILE,2025-12-27T19:08:11.000Z,-104.3,-123.5,-19.1,-10.8,,,376.0,119.0,7.0,67.8,0.34,0.02,1035.2,332.6,826.3,5.0,37.66,24.83,Drive Test Mali 2025-Q4
CELCOM,CON,Conakry,9.514779,-13.725402,MOBILE,2025-11-20T11:02:28.000Z,-74.3,-105.4,-13.6,0.2,9.3,4.2,58.0,18.1,88.7,13.3,,,,,,61.0,12.01,,Drive Test Conakry 2025-Q4
CELCOM,KDR,Koundara,12.133152,-12.964501,INTERNET,2025-12-17T14:06:28.000Z,-95.3,-111.8,-16.1,-6.5,,,391.4,103.5,9.8,41.9,0.1,0.2,407.8,287.9,611.2,4.0,57.38,23.52,Drive Test Koundara 2025-Q4
CELCOM,KDR,Koundara,12.416895,-12.708848,MOBILE,2025-12-02T07:34:50.000Z,-93.2,-120.0,-17.9,-7.8,,,473.9,66.1,14.7,53.0,0.07,0.0,1921.3,283.8,653.1,13.0,52.48,35.97,Drive Test Koundara 2025-Q4
CELCOM,CON,Conakry,9.505764,-13.709689,MOBILE,2025-11-17T21:36:08.000Z,-91.7,-118.6,-16.7,-2.1,,,934.1,59.5,9.2,72.0,0.42,0.08,1500.6,614.4,482.1,4.0,36.33,21.38,Drive Test Conakry 2025-Q4
CELCOM,SGR,Siguiri,11.360634,-8.999927,MOBILE,2025-12-05T13:28:41.000Z,-103.2,-116.2,-17.8,-2.3,,,954.9,115.0,10.2,36.2,0.4,0.15,344.1,644.7,1792.9,14.0,51.09,11.14,Drive Test Siguiri 2025-Q4
CELCOM,FRN,Faranah,10.135164,-10.67458,INTERNET,2025-12-30T12:48:55.000Z,-53.3,-72.4,-11.6,2.5,7.5,3.0,46.3,7.2,59.9,5.6,10.06,3.43,31.7,45.6,83.5,34.0,4.82,2.62,Drive Test Faranah 2025-Q4
CELCOM,KKA,Kankan,10.392613,-9.306188,MOBILE,2025-12-01T10:50:48.000Z,-73.6,-83.2,-10.3,5.9,6.2,3.6,46.1,13.0,73.3,7.4,,,,,,51.0,7.01,,Drive Test Kankan 2025-Q4
CELCOM,LBE,Labé,11.155884,-12.181216,MOBILE,2025-10-03T17:18:24.000Z,-101.2,-124.0,-16.3,-10.3,,,555.9,133.2,0.4,47.9,0.25,0.06,1609.0,656.9,517.8,3.0,27.02,16.38,Drive Test Labé 2025-Q4
CELCOM,FRN,Faranah,10.011316,-10.593947,MOBILE,2025-12-19T09:19:43.000Z,-93.7,-110.4,-19.5,-7.4,,,511.3,66.9,13.4,57.2,0.46,0.17,265.3,540.2,1932.9,4.0,40.63,14.8,Drive Test Faranah 2025-Q4
CELCOM,LBE,Labé,11.206316,-12.271844,INTERNET,2025-10-29T01:56:04.000Z,-73.0,-76.9,-13.6,8.2,7.9,4.9,49.0,14.8,74.6,7.4,12.24,4.5,38.9,60.9,127.3,51.0,5.68,5.3,Drive Test Labé 2025-Q4
CELCOM,CYA,Coyah,9.711074,-13.378734,MOBILE,2025-10-17T05:24:44.000Z,-106.1,-112.0,-17.1,-7.1,,,459.2,67.5,6.6,44.9,0.03,0.11,207.0,523.2,1531.6,5.0,33.02,13.92,Drive Test Coyah 2025-Q4
CELCOM,LBE,Labé,11.518075,-12.12904,MOBILE,2025-11-16T03:01:19.000Z,-92.7,-113.3,-17.2,-2.5,,,374.4,65.6,31.4,56.1,0.48,0.11,1093.5,339.8,1446.7,3.0,15.14,15.19,Drive Test Labé 2025-Q4
CELCOM,MMU,Mamou,10.550724,-12.166027,MOBILE,2025-12-13T19:39:39.000Z,-73.5,-78.2,-9.7,1.5,7.0,3.3,42.9,11.1,71.9,8.4,,,,,,46.0,7.4,,Drive Test Mamou 2025-Q4
CELCOM,KIN,Kindia,10.093514,-12.936408,MOBILE,2025-12-06T22:16:34.000Z,-100.8,-120.7,-17.3,-6.5,,,424.2,30.8,0.3,35.7,0.01,0.19,592.7,118.5,972.7,1.0,33.16,13.13,Drive Test Kindia 2025-Q4
CELCOM,KIN,Kindia,10.138966,-12.929069,MOBILE,2025-12-06T11:38:54.000Z,-71.1,-83.3,-12.1,2.0,7.6,2.5,44.4,9.7,72.5,8.2,,,,,,44.0,8.5,,Drive Test Kindia 2025-Q4
CELCOM,CON,Conakry,9.561044,-13.611733,MOBILE,2025-12-09T06:46:02.000Z,-86.1,-102.1,-13.1,2.1,7.1,3.2,54.4,13.7,91.9,15.3,,,,,,61.0,11.15,,Drive Test Conakry 2025-Q4
CELCOM,FRN,Faranah,9.86739,-10.489407,MOBILE,2025-11-08T06:08:02.000Z,-58.2,-61.7,-6.8,7.7,6.1,1.9,39.5,9.6,57.9,9.3,,,,,,38.0,4.63,,Drive Test Faranah 2025-Q4
CELCOM,KKA,Kankan,10.249435,-9.304818,MOBILE,2025-11-09T10:19:42.000Z,-101.8,-126.7,-19.7,-4.1,,,686.1,111.2,24.9,66.3,0.11,0.15,720.0,382.5,1191.8,3.0,33.16,11.04,Drive Test Kankan 2025-Q4
CELCOM,MMU,Mamou,10.341706,-11.907872,INTERNET,2025-11-02T01:40:02.000Z,-96.3,-113.3,-19.9,-5.7,,,978.5,106.5,7.6,73.8,0.21,0.03,471.7,735.9,1122.4,0.0,49.08,16.85,Drive Test Mamou 2025-Q4
CELCOM,KKA,Kankan,10.337211,-9.531904,MOBILE,2025-10-05T11:51:05.000Z,-63.6,-87.1,-10.9,4.5,7.9,2.9,54.2,10.9,73.1,12.1,,,,,,50.0,7.35,,Drive Test Kankan 2025-Q4
CELCOM,ZKR,N'Zérékoré,7.652245,-8.674793,MOBILE,2025-10-30T22:46:45.000Z,-99.6,-125.3,-18.5,-11.3,,,606.3,80.0,6.0,36.6,0.14,0.1,1976.3,204.9,1519.1,2.0,31.17,35.66,Drive Test N'Zérékoré 2025-Q4
CELCOM,KKA,Kankan,10.22376,-9.508217,MOBILE,2025-11-21T05:24:50.000Z,-95.3,-124.6,-16.3,-4.2,,,556.2,97.5,3.6,72.3,0.06,0.13,717.0,766.7,961.5,6.0,29.4,16.2,Drive Test Kankan 2025-Q4
CELCOM,GKD,Guéckédou,8.225895,-9.958214,MOBILE,2025-12-22T11:09:18.000Z,-104.1,-115.8,-16.3,-6.0,,,554.7,143.9,13.9,42.7,0.36,0.04,891.1,223.8,1915.6,9.0,58.88,27.9,Drive Test Guéckédou 2025-Q4
CELCOM,KDG,Kissidougou,9.205418,-10.387334,INTERNET,2025-10-29T09:50:45.000Z,-30.0,-44.0,-7.7,-1.0,3.8,2.2,27.2,5.3,31.2,4.5,6.63,2.39,21.4,29.9,42.8,21.0,3.53,2.49,Drive Test Kissidougou 2025-Q4
CELCOM,CON,Conakry,9.484213,-13.646687,INTERNET,2025-10-08T14:39:22.000Z,-105.6,-111.3,-18.3,-5.0,,,539.1,102.2,31.9,72.5,0.19,0.17,1619.8,778.8,1554.3,8.0,55.62,39.23,Drive Test Conakry 2025-Q4
CELCOM,MLI,Mali,12.124643,-11.967224,MOBILE,2025-10-10T08:58:40.000Z,-33.3,-44.0,-7.6,1.9,3.4,1.0,21.8,5.9,31.5,4.7,,,,,,22.0,3.65,,Drive Test Mali 2025-Q4
CELCOM,MMU,Mamou,10.38068,-12.316574,MOBILE,2025-11-03T10:10:03.000Z,-73.3,-83.9,-13.1,7.7,7.7,2.4,52.1,9.6,73.4,12.1,,,,,,49.0,6.89,,Drive Test Mamou 2025-Q4
CELCOM,CYA,Coyah,9.831124,-13.294014,INTERNET,2025-11-27T23:46:05.000Z,-63.0,-83.4,-13.3,8.8,9.6,4.2,49.2,14.8,73.6,8.7,17.71,5.33,55.3,49.6,141.5,51.0,7.72,5.3,Drive Test Coyah 2025-Q4
CELCOM,MMU,Mamou,10.651653,-11.995341,INTERNET,2025-10-26T20:50:29.000Z,-94.6,-124.6,-19.2,-2.0,,,747.6,138.1,2.7,71.2,0.34,0.08,1879.3,141.0,1604.0,10.0,54.63,33.36,Drive Test Mamou 2025-Q4
CELCOM,KIN,Kindia,10.082225,-12.864832,MOBILE,2025-10-16T15:05:23.000Z,-70.2,-88.7,-9.4,-0.5,6.2,3.3,54.1,10.0,74.5,7.8,,,,,,51.0,7.46,,Drive Test Kindia 2025-Q4
CELCOM,KIN,Kindia,10.01077,-13.040203,MOBILE,2025-11-17T15:27:10.000Z,-59.7,-84.6,-9.8,4.1,7.3,2.5,53.2,12.9,73.6,8.2,,,,,,49.0,9.12,,Drive Test Kindia 2025-Q4
CELCOM,SGR,Siguiri,11.180864,-9.126753,INTERNET,2025-10-30T03:20:05.000Z,-104.5,-121.2,-18.3,-11.0,,,378.9,100.8,17.1,54.4,0.19,0.1,1185.2,322.8,1103.7,5.0,53.64,29.8,Drive Test Siguiri 2025-Q4
CELCOM,BKE,Boké,11.37427,-14.331049,MOBILE,2025-11-03T21:37:51.000Z,-103.6,-120.9,-18.5,-3.3,,,332.3,66.0,4.7,62.4,0.0,0.03,413.0,296.2,1652.9,11.0,47.87,27.73,Drive Test Boké 2025-Q4
CELCOM,KKA,Kankan,10.625704,-9.306911,INTERNET,2025-12-13T08:29:02.000Z,-65.7,-76.5,-8.6,1.5,10.9,4.3,58.7,10.4,74.5,8.2,14.69,6.13,49.6,71.8,140.7,48.0,6.42,4.32,Drive Test Kankan 2025-Q4
CELCOM,CON,Conakry,9.574472,-13.689319,MOBILE,2025-11-12T16:39:55.000Z,-97.8,-111.1,-16.4,-7.7,,,304.3,130.1,17.2,72.4,0.02,0.19,1425.1,196.5,647.7,10.0,58.6,24.39,Drive Test Conakry 2025-Q4
CELCOM,DLB,Dalaba,10.686819,-12.428603,MOBILE,2025-11-12T12:46:11.000Z,-95.9,-117.5,-19.5,-9.1,,,627.1,76.9,31.6,49.7,0.41,0.14,1919.4,546.9,1696.3,3.0,36.31,30.63,Drive Test Dalaba 2025-Q4
CELCOM,LBE,Labé,11.328323,-12.254138,MOBILE,2025-11-15T09:28:20.000Z,-67.1,-91.4,-9.3,7.9,7.8,2.4,47.5,15.5,74.6,10.0,,,,,,45.0,8.83,,Drive Test Labé 2025-Q4
CELCOM,LBE,Labé,11.253974,-12.282513,MOBILE,2025-11-21T11:02:17.000Z,-105.6,-110.8,-17.6,-5.9,,,854.6,144.6,14.2,59.6,0.35,0.11,1604.0,391.3,1908.2,6.0,58.95,13.47,Drive Test Labé 2025-Q4
CELCOM,CON,Conakry,9.505506,-13.717686,MOBILE,2025-10-21T02:04:48.000Z,-77.3,-108.5,-12.5,5.5,9.9,3.7,64.4,14.1,92.1,13.1,,,,,,60.0,6.97,,Drive Test Conakry 2025-Q4
CELCOM,LBE,Labé,11.307047,-12.301666,MOBILE,2025-10-21T22:55:12.000Z,-101.7,-111.3,-18.3,-2.7,,,507.4,105.6,3.4,50.9,0.43,0.13,1565.5,416.5,533.6,6.0,39.48,24.79,Drive Test Labé 2025-Q4
CELCOM,MLI,Mali,11.894312,-12.184294,INTERNET,2025-11-30T19:52:36.000Z,-103.0,-126.2,-18.1,-5.2,,,277.1,33.3,1.2,56.1,0.25,0.03,1267.3,366.2,602.2,12.0,54.48,32.14,Drive Test Mali 2025-Q4
CELCOM,MMU,Mamou,10.60336,-11.981836,MOBILE,2025-12-24T13:07:06.000Z,-104.0,-116.6,-16.0,-8.4,,,444.6,136.2,25.9,59.3,0.01,0.14,540.8,297.8,1444.0,4.0,42.16,25.73,Drive Test Mamou 2025-Q4
CELCOM,SGR,Siguiri,11.396466,-9.157178,MOBILE,2025-12-16T11:42:52.000Z,-104.7,-113.5,-16.0,-6.3,,,351.5,78.2,31.6,44.0,0.3,0.02,905.2,761.5,1359.6,8.0,22.97,36.51,Drive Test Siguiri 2025-Q4
CELCOM,MMU,Mamou,10.480691,-12.038512,MOBILE,2025-12-08T20:28:46.000Z,-99.8,-124.3,-16.8,-10.0,,,487.3,67.9,21.8,71.8,0.5,0.11,1013.9,469.0,477.7,7.0,57.6,17.63,Drive Test Mamou 2025-Q4
CELCOM,SGR,Siguiri,11.70344,-9.306247,MOBILE,2025-11-16T19:05:28.000Z,-93.4,-119.9,-18.3,-11.3,,,540.3,122.0,31.1,54.6,0.26,0.14,1134.0,695.7,1894.9,3.0,25.77,13.09,Drive Test Siguiri 2025-Q4
CELCOM,MMU,Mamou,10.713486,-11.9461,INTERNET,2025-12-18T23:07:49.000Z,-95.7,-110.8,-19.2,-11.7,,,308.8,64.3,20.7,50.8,0.17,0.0,1985.5,332.8,1081.0,15.0,48.2,38.5,Drive Test Mamou 2025-Q4
CELCOM,CON,Conakry,9.538959,-13.694411,MOBILE,2025-10-25T14:04:42.000Z,-106.4,-115.3,-18.0,-11.2,,,587.9,122.8,30.6,57.2,0.37,0.04,1683.9,181.5,772.5,2.0,33.38,12.99,Drive Test Conakry 2025-Q4
CELCOM,CON,Conakry,9.52599,-13.69916,INTERNET,2025-12-18T00:12:01.000Z,-80.7,-92.8,-16.3,0.3,14.0,3.9,67.5,11.9,90.8,14.5,19.18,6.24,62.3,92.8,151.7,58.0,7.47,7.84,Drive Test Conakry 2025-Q4
CELCOM,ZKR,N'Zérékoré,7.749265,-8.86656,MOBILE,2025-10-28T02:28:54.000Z,-105.7,-120.1,-19.4,-5.8,,,750.8,82.1,14.4,70.2,0.0,0.0,1223.4,354.7,816.5,15.0,15.25,17.14,Drive Test N'Zérékoré 2025-Q4
CELCOM,LBE,Labé,11.309821,-12.201053,MOBILE,2025-11-13T11:46:09.000Z,-67.1,-93.3,-11.0,4.9,8.0,3.0,48.6,12.4,73.4,11.7,,,,,,49.0,5.6,,Drive Test Labé 2025-Q4
CELCOM,LBE,Labé,11.256171,-12.233408,MOBILE,2025-10-13T04:32:06.000Z,-93.7,-110.0,-16.1,-6.5,,,478.4,126.5,22.3,79.1,0.26,0.12,874.0,627.9,873.6,1.0,34.66,15.66,Drive Test Labé 2025-Q4
CELCOM,CON,Conakry,9.535258,-13.780704,MOBILE,2025-11-07T20:25:03.000Z,-105.1,-119.0,-19.3,-5.0,,,875.3,89.3,2.6,36.4,0.03,0.18,1397.4,207.2,1706.1,2.0,49.9,13.42,Drive Test Conakry 2025-Q4
CELCOM,LBE,Labé,11.312396,-12.326425,MOBILE,2025-11-06T13:55:57.000Z,-70.7,-76.5,-9.3,8.3,6.5,3.0,48.9,10.7,74.3,9.0,,,,,,52.0,8.09,,Drive Test Labé 2025-Q4
CELCOM,BKE,Boké,11.18436,-14.121207,INTERNET,2025-10-02T00:03:42.000Z,-106.8,-117.9,-17.7,-6.3,,,693.9,93.0,8.0,59.5,0.24,0.13,1878.7,377.1,701.6,12.0,39.83,13.28,Drive Test Boké 2025-Q4
CELCOM,CYA,Coyah,9.643924,-13.306305,MOBILE,2025-12-02T15:28:02.000Z,-60.1,-91.4,-13.3,3.9,7.4,3.2,46.3,12.7,71.6,12.5,,,,,,43.0,9.07,,Drive Test Coyah 2025-Q4
CELCOM,CON,Conakry,9.570869,-13.705629,MOBILE,2025-12-06T13:18:31.000Z,-92.6,-126.2,-18.6,-4.9,,,559.1,73.8,4.6,63.7,0.23,0.01,896.0,572.3,1975.5,1.0,43.47,42.14,Drive Test Conakry 2025-Q4
CELCOM,CON,Conakry,9.534127,-13.724356,INTERNET,2025-11-11T04:45:04.000Z,-85.4,-97.1,-13.6,2.2,13.7,4.2,64.9,18.8,89.7,11.9,17.18,5.92,62.9,89.3,160.3,56.0,7.45,4.45,Drive Test Conakry 2025-Q4
CELCOM,KIN,Kindia,10.104834,-13.053417,INTERNET,2025-12-22T20:05:54.000Z,-101.2,-125.1,-18.3,-7.0,,,500.0,92.1,32.3,69.2,0.49,0.11,1842.3,102.1,1706.0,14.0,17.25,35.81,Drive Test Kindia 2025-Q4
CELCOM,KDG,Kissidougou,9.066,-10.417819,MOBILE,2025-11-26T05:38:24.000Z,-96.1,-115.4,-19.0,-7.8,,,844.2,32.8,9.7,71.5,0.42,0.19,1171.7,358.8,1079.7,9.0,41.41,39.38,Drive Test Kissidougou 2025-Q4
CELCOM,CYA,Coyah,9.722575,-13.476184,MOBILE,2025-12-11T00:43:55.000Z,-61.1,-84.8,-10.8,8.7,6.4,2.9,50.5,9.4,75.5,11.0,,,,,,52.0,7.08,,Drive Test Coyah 2025-Q4
CELCOM,KKA,Kankan,10.461388,-9.345684,INTERNET,2025-12-01T12:07:48.000Z,-61.7,-84.4,-12.3,6.5,10.6,4.3,60.4,8.9,71.7,10.4,14.03,4.7,49.8,64.0,140.4,44.0,6.0,3.31,Drive Test Kankan 2025-Q4
CELCOM,LBE,Labé,11.133279,-12.309516,MOBILE,2025-11-05T14:43:09.000Z,-62.6,-77.3,-12.2,6.7,6.3,3.4,62.0,15.8,74.7,8.7,,,,,,50.0,9.15,,Drive Test Labé 2025-Q4
CELCOM,KKA,Kankan,10.295956,-9.465215,MOBILE,2025-11-27T09:13:05.000Z,-63.4,-79.6,-12.5,7.3,6.0,2.2,60.3,15.8,74.4,12.3,,,,,,46.0,8.44,,Drive Test Kankan 2025-Q4
CELCOM,CYA,Coyah,9.689387,-13.446564,MOBILE,2025-11-14T14:53:07.000Z,-101.2,-115.3,-16.1,-7.6,,,562.9,82.0,14.8,52.4,0.26,0.0,1713.5,544.0,1405.0,8.0,51.59,44.23,Drive Test Coyah 2025-Q4
CELCOM,KIN,Kindia,10.089713,-12.868266,INTERNET,2025-12-09T19:02:05.000Z,-102.9,-125.6,-16.6,-7.8,,,987.2,91.0,29.1,61.5,0.3,0.13,249.2,534.2,1246.0,12.0,17.18,21.42,Drive Test Kindia 2025-Q4
CELCOM,KDG,Kissidougou,8.853772,-10.214453,MOBILE,2025-12-07T14:08:15.000Z,-90.1,-112.3,-16.3,-4.2,,,786.6,135.8,6.8,46.7,0.21,0.18,1457.5,186.6,1113.4,3.0,21.42,11.04,Drive Test Kissidougou 2025-Q4
CELCOM,ZKR,N'Zérékoré,7.752133,-8.825743,MOBILE,2025-10-05T12:49:38.000Z,-99.2,-122.8,-17.6,-8.5,,,457.0,98.6,33.0,64.5,0.14,0.12,888.6,429.8,1588.4,5.0,59.35,32.14,Drive Test N'Zérékoré 2025-Q4
CELCOM,KKA,Kankan,10.451923,-9.266105,MOBILE,2025-10-16T16:31:14.000Z,-69.7,-81.9,-8.9,5.3,7.6,3.4,47.8,12.9,74.2,9.0,,,,,,52.0,6.48,,Drive Test Kankan 2025-Q4
CELCOM,CON,Conakry,9.494743,-13.713406,INTERNET,2025-11-15T03:08:38.000Z,-98.2,-112.1,-19.8,-11.6,,,483.6,75.3,28.9,77.5,0.06,0.19,1401.9,443.5,1308.8,2.0,57.86,12.9,Drive Test Conakry 2025-Q4
CELCOM,FRN,Faranah,10.253062,-10.932961,MOBILE,2025-11-01T10:09:13.000Z,-45.4,-63.4,-9.3,-1.7,4.6,2.3,46.7,11.1,57.9,9.3,,,,,,36.0,6.02,,Drive Test Faranah 2025-Q4
CELCOM,BKE,Boké,11.292625,-14.588934,INTERNET,2025-11-18T12:04:02.000Z,-61.1,-65.5,-7.6,4.7,7.4,3.9,44.0,10.6,58.3,9.5,12.93,3.83,36.3,58.1,99.0,36.0,5.16,3.25,Drive Test Boké 2025-Q4
CELCOM,KDR,Koundara,12.533509,-13.443343,INTERNET,2025-10-30T16:42:47.000Z,-100.6,-112.7,-16.9,-4.6,,,263.8,144.9,33.4,44.8,0.01,0.13,658.0,268.5,1471.9,11.0,47.47,13.97,Drive Test Koundara 2025-Q4
CELCOM,ZKR,N'Zérékoré,7.716205,-8.893364,MOBILE,2025-11-17T19:27:18.000Z,-99.4,-115.2,-17.1,-8.4,,,777.6,66.0,28.7,63.2,0.11,0.18,1303.5,404.3,1067.0,7.0,27.25,25.85,Drive Test N'Zérékoré 2025-Q4
CELCOM,DLB,Dalaba,10.903672,-12.076802,MOBILE,2025-10-12T05:54:54.000Z,-96.2,-120.5,-16.0,-4.6,,,862.8,84.1,10.9,52.6,0.15,0.13,1396.7,257.7,600.6,13.0,42.49,32.1,Drive Test Dalaba 2025-Q4
CELCOM,KKA,Kankan,10.460176,-9.296408,MOBILE,2025-12-27T20:45:49.000Z,-67.6,-85.1,-12.2,3.6,5.8,2.5,44.1,15.6,75.9,10.7,,,,,,49.0,7.06,,Drive Test Kankan 2025-Q4
CELCOM,BKE,Boké,11.411228,-14.282666,MOBILE,2025-10-19T22:30:22.000Z,-49.5,-69.0,-7.7,0.5,5.5,1.8,36.2,10.3,57.8,6.6,,,,,,39.0,6.78,,Drive Test Boké 2025-Q4
CELCOM,KIN,Kindia,10.104973,-12.796605,INTERNET,2025-12-04T01:19:48.000Z,-92.2,-119.7,-17.9,-4.7,,,784.6,40.7,33.7,70.9,0.4,0.03,416.5,157.8,339.3,9.0,29.43,20.24,Drive Test Kindia 2025-Q4
CELCOM,KKA,Kankan,10.38333,-9.333717,INTERNET,2025-10-27T10:43:43.000Z,-93.0,-114.2,-18.7,-2.2,,,853.4,91.7,12.6,67.6,0.09,0.07,649.3,566.5,1247.2,15.0,40.64,42.88,Drive Test Kankan 2025-Q4
CELCOM,ZKR,N'Zérékoré,7.65085,-8.65103,MOBILE,2025-12-08T13:15:58.000Z,-106.0,-123.9,-16.5,-11.4,,,626.3,44.9,18.1,48.9,0.32,0.19,1590.7,175.7,1931.6,13.0,51.68,43.67,Drive Test N'Zérékoré 2025-Q4
CELCOM,FRN,Faranah,9.762716,-10.805631,MOBILE,2025-12-26T22:49:21.000Z,-95.3,-112.4,-17.1,-2.6,,,832.7,91.4,30.2,39.3,0.32,0.03,1206.2,380.1,1840.9,5.0,58.19,34.8,Drive Test Faranah 2025-Q4
CELCOM,BKE,Boké,11.232593,-14.316751,MOBILE,2025-11-12T05:56:02.000Z,-53.7,-70.7,-7.7,0.3,5.9,2.2,49.6,11.7,57.7,7.0,,,,,,40.0,6.83,,Drive Test Boké 2025-Q4
CELCOM,MMU,Mamou,10.375419,-12.018755,MOBILE,2025-11-13T10:32:35.000Z,-93.3,-121.1,-18.3,-7.3,,,779.2,34.0,18.7,48.2,0.09,0.15,1653.5,326.2,812.8,0.0,50.17,22.66,Drive Test Mamou 2025-Q4
CELCOM,ZKR,N'Zérékoré,7.721389,-8.9144,MOBILE,2025-12-13T12:20:22.000Z,-103.2,-124.9,-19.0,-11.2,,,858.8,142.0,1.2,37.5,0.01,0.11,700.4,315.3,529.8,5.0,59.05,34.59,Drive Test N'Zérékoré 2025-Q4
CELCOM,LBE,Labé,11.299258,-12.013959,INTERNET,2025-11-08T06:44:41.000Z,-63.1,-90.7,-10.2,7.8,11.6,3.2,45.8,13.6,73.1,11.2,14.14,5.3,39.4,61.0,142.6,45.0,5.47,5.99,Drive Test Labé 2025-Q4
CELCOM,CON,Conakry,9.604449,-13.751072,INTERNET,2025-12-26T05:30:35.000Z,-87.3,-94.0,-14.4,0.5,14.0,5.6,66.6,16.1,90.2,9.9,21.32,6.32,54.9,85.1,158.2,64.0,9.37,7.42,Drive Test Conakry 2025-Q4
CELCOM,KKA,Kankan,10.534371,-9.405364,INTERNET,2025-12-09T02:45:50.000Z,-99.5,-126.8,-18.6,-8.9,,,690.2,143.8,8.6,68.9,0.46,0.2,523.8,162.9,1033.8,0.0,59.58,41.04,Drive Test Kankan 2025-Q4
CELCOM,KDG,Kissidougou,9.261838,-10.160571,INTERNET,2025-12-27T20:47:54.000Z,-104.3,-125.6,-17.0,-11.4,,,717.4,48.3,7.5,35.6,0.4,0.1,495.7,345.9,1738.6,3.0,29.94,13.93,Drive Test Kissidougou 2025-Q4
CELCOM,MMU,Mamou,10.730393,-12.022316,INTERNET,2025-11-23T11:29:37.000Z,-59.8,-73.8,-10.3,1.7,11.1,4.6,61.4,15.0,72.6,10.6,17.34,4.6,45.3,57.6,147.3,49.0,5.49,4.65,Drive Test Mamou 2025-Q4
CELCOM,LBE,Labé,11.177381,-12.079491,MOBILE,2025-11-20T13:43:01.000Z,-70.0,-75.0,-12.2,8.5,6.9,2.9,56.3,10.0,73.9,12.4,,,,,,50.0,7.98,,Drive Test Labé 2025-Q4
CELCOM,FRN,Faranah,10.20121,-10.738749,INTERNET,2025-10-02T20:44:08.000Z,-94.8,-124.3,-16.6,-4.9,,,263.1,136.0,10.1,54.9,0.08,0.11,764.6,636.0,562.6,4.0,53.77,32.53,Drive Test Faranah 2025-Q4
CELCOM,ZKR,N'Zérékoré,7.839334,-8.654916,MOBILE,2025-11-16T12:09:22.000Z,-96.9,-123.6,-16.2,-3.7,,,277.0,143.1,29.9,39.2,0.33,0.12,799.5,707.1,1366.9,14.0,57.7,15.8,Drive Test N'Zérékoré 2025-Q4
CELCOM,CYA,Coyah,9.816298,-13.272245,MOBILE,2025-10-21T17:42:53.000Z,-102.4,-112.8,-17.4,-5.6,,,459.4,95.8,0.6,75.7,0.13,0.04,1346.8,426.4,595.3,1.0,46.65,21.05,Drive Test Coyah 2025-Q4
CELCOM,CON,Conakry,9.456944,-13.781451,MOBILE,2025-10-24T10:14:29.000Z,-79.8,-101.3,-12.1,9.9,9.1,4.0,67.7,11.0,88.0,13.2,,,,,,56.0,7.26,,Drive Test Conakry 2025-Q4
CELCOM,ZKR,N'Zérékoré,7.783268,-8.822621,INTERNET,2025-12-05T14:14:50.000Z,-106.5,-117.6,-19.9,-3.4,,,459.5,143.5,9.3,58.8,0.49,0.11,1501.7,150.0,355.8,11.0,56.93,17.68,Drive Test N'Zérékoré 2025-Q4
CELCOM,CON,Conakry,9.510891,-13.719606,MOBILE,2025-11-23T06:22:20.000Z,-74.4,-111.2,-13.3,5.3,7.7,3.4,61.2,16.0,92.0,14.0,,,,,,55.0,6.8,,Drive Test Conakry 2025-Q4
CELCOM,BKE,Boké,11.200245,-14.329362,MOBILE,2025-11-14T00:30:29.000Z,-97.9,-119.3,-19.3,-3.5,,,582.0,116.2,5.4,58.3,0.49,0.01,1600.0,111.4,1010.6,5.0,28.09,16.24,Drive Test Boké 2025-Q4
CELCOM,CYA,Coyah,9.949392,-13.346399,MOBILE,2025-10-29T20:15:12.000Z,-103.3,-113.5,-18.4,-5.6,,,737.1,50.5,16.3,69.7,0.36,0.05,525.5,634.3,504.9,4.0,45.35,34.43,Drive Test Coyah 2025-Q4
CELCOM,SGR,Siguiri,11.583713,-9.249569,MOBILE,2025-10-22T01:58:21.000Z,-97.6,-114.7,-18.8,-9.4,,,618.6,67.2,1.8,59.3,0.26,0.19,1558.5,658.5,1577.8,15.0,50.91,35.72,Drive Test Siguiri 2025-Q4
CELCOM,BKE,Boké,11.264794,-14.511937,MOBILE,2025-12-25T15:50:42.000Z,-95.2,-124.5,-18.9,-5.3,,,324.2,92.7,32.9,66.5,0.24,0.12,375.0,399.1,1760.5,13.0,58.53,24.51,Drive Test Boké 2025-Q4
CELCOM,CON,Conakry,9.533821,-13.683351,INTERNET,2025-10-28T15:30:04.000Z,-99.6,-114.9,-19.8,-11.7,,,678.7,35.9,4.6,70.5,0.22,0.01,1036.4,168.1,801.1,1.0,20.84,16.98,Drive Test Conakry 2025-Q4
CELCOM,KKA,Kankan,10.270192,-9.322443,MOBILE,2025-11-09T01:01:39.000Z,-60.5,-75.3,-14.1,1.9,7.8,2.8,51.6,10.7,72.5,9.7,,,,,,45.0,7.29,,Drive Test Kankan 2025-Q4
CELCOM,BKE,Boké,11.191539,-14.288024,MOBILE,2025-10-15T07:52:03.000Z,-57.6,-61.6,-8.8,7.9,6.4,2.2,46.9,10.6,59.9,10.1,,,,,,41.0,7.76,,Drive Test Boké 2025-Q4
CELCOM,MMU,Mamou,10.339197,-12.205618,MOBILE,2025-12-15T07:42:31.000Z,-93.8,-126.7,-17.2,-9.7,,,497.9,114.6,34.4,66.2,0.38,0.05,1464.4,526.5,321.7,4.0,40.61,41.48,Drive Test Mamou 2025-Q4
CELCOM,KIN,Kindia,9.88609,-12.834188,INTERNET,2025-11-20T10:19:29.000Z,-69.0,-80.6,-11.6,0.1,10.5,4.4,58.6,15.9,75.0,12.6,14.85,4.13,51.9,74.1,135.6,45.0,7.69,5.61,Drive Test Kindia 2025-Q4
CELCOM,SGR,Siguiri,11.501597,-9.133823,MOBILE,2025-12-27T17:40:51.000Z,-59.0,-67.0,-7.9,6.8,4.9,2.4,44.7,6.9,57.0,6.6,,,,,,39.0,7.5,,Drive Test Siguiri 2025-Q4
CELCOM,CON,Conakry,9.421484,-13.774329,MOBILE,2025-10-27T05:29:29.000Z,-98.8,-126.5,-17.7,-5.4,,,782.7,118.8,23.5,58.1,0.06,0.06,1498.0,539.5,1155.5,13.0,48.35,40.9,Drive Test Conakry 2025-Q4
CELCOM,KIN,Kindia,9.881693,-12.820564,MOBILE,2025-12-28T07:24:06.000Z,-63.5,-74.3,-11.3,8.0,7.1,2.9,43.5,14.3,75.9,9.6,,,,,,43.0,8.45,,Drive Test Kindia 2025-Q4
CELCOM,BKE,Boké,10.841867,-14.095118,MOBILE,2025-10-06T23:54:15.000Z,-101.3,-126.6,-16.8,-4.0,,,940.9,83.4,19.0,43.0,0.13,0.15,760.9,708.8,1093.8,10.0,34.43,14.12,Drive Test Boké 2025-Q4
CELCOM,BLA,Beyla,9.020436,-8.676165,MOBILE,2025-12-31T17:58:15.000Z,-106.8,-125.0,-19.9,-5.9,,,248.4,74.8,2.2,60.2,0.28,0.13,1713.5,566.4,1336.9,10.0,31.72,31.67,Drive Test Beyla 2025-Q4
CELCOM,CYA,Coyah,9.789983,-13.566692,MOBILE,2025-12-23T00:44:09.000Z,-65.3,-91.9,-13.7,5.2,6.8,3.2,60.9,11.9,74.0,9.6,,,,,,43.0,8.5,,Drive Test Coyah 2025-Q4
CELCOM,MMU,Mamou,10.585564,-12.16414,MOBILE,2025-11-24T03:08:35.000Z,-63.9,-88.8,-11.7,9.0,5.9,2.7,61.0,11.6,75.2,12.3,,,,,,45.0,6.46,,Drive Test Mamou 2025-Q4
CELCOM,LBE,Labé,11.179094,-12.478455,MOBILE,2025-10-16T08:59:24.000Z,-102.3,-113.0,-19.8,-9.0,,,472.8,89.1,7.0,39.7,0.21,0.02,1765.0,112.6,1080.2,15.0,52.25,32.72,Drive Test Labé 2025-Q4
CELCOM,CYA,Coyah,9.820867,-13.36624,MOBILE,2025-12-08T03:45:09.000Z,-95.1,-117.7,-16.8,-8.4,,,952.0,52.1,28.2,56.0,0.14,0.11,1413.3,131.3,621.4,14.0,16.37,27.42,Drive Test Coyah 2025-Q4
CELCOM,FRN,Faranah,9.648685,-10.660754,MOBILE,2025-11-07T12:34:50.000Z,-50.7,-71.5,-10.9,6.3,5.5,2.2,49.5,10.8,57.7,9.9,,,,,,35.0,7.93,,Drive Test Faranah 2025-Q4
CELCOM,KKA,Kankan,10.30856,-9.129058,INTERNET,2025-10-27T23:38:02.000Z,-64.7,-85.7,-11.2,3.1,10.2,5.0,45.3,14.6,72.4,12.5,12.53,5.32,49.7,75.9,124.4,49.0,8.17,5.27,Drive Test Kankan 2025-Q4
CELCOM,CON,Conakry,9.494944,-13.71293,MOBILE,2025-10-25T09:27:50.000Z,-102.6,-114.2,-17.4,-4.4,,,317.5,75.1,23.0,41.3,0.18,0.06,1314.1,378.5,1047.7,2.0,28.37,40.9,Drive Test Conakry 2025-Q4
CELCOM,SGR,Siguiri,11.292809,-9.487813,MOBILE,2025-10-17T07:00:08.000Z,-95.2,-111.6,-17.4,-8.6,,,988.4,68.3,8.1,44.0,0.1,0.0,1341.2,524.9,1104.8,2.0,45.04,24.26,Drive Test Siguiri 2025-Q4
CELCOM,CYA,Coyah,9.618086,-13.363044,MOBILE,2025-11-10T20:10:09.000Z,-71.2,-77.4,-13.6,7.1,7.2,2.3,47.0,9.7,73.2,9.8,,,,,,52.0,10.11,,Drive Test Coyah 2025-Q4
CELCOM,MLI,Mali,11.974938,-12.026927,INTERNET,2025-12-20T11:58:36.000Z,-30.0,-44.0,-5.6,-1.2,4.8,1.7,22.7,4.1,31.0,4.6,7.18,2.58,24.2,23.7,48.3,18.0,2.84,2.28,Drive Test Mali 2025-Q4
CELCOM,CON,Conakry,9.461893,-13.713911,MOBILE,2025-10-14T19:01:02.000Z,-97.1,-125.6,-18.4,-2.8,,,874.9,37.1,6.1,51.0,0.17,0.17,1379.7,158.1,519.2,13.0,20.95,22.66,Drive Test Conakry 2025-Q4
CELCOM,SGR,Siguiri,11.129758,-8.927446,INTERNET,2025-12-26T00:59:15.000Z,-102.5,-126.6,-17.7,-7.0,,,605.3,94.5,32.5,72.8,0.16,0.1,962.8,388.9,1516.1,1.0,16.63,39.69,Drive Test Siguiri 2025-Q4
CELCOM,ZKR,N'Zérékoré,7.773835,-8.736068,INTERNET,2025-12-24T15:50:17.000Z,-103.5,-117.5,-17.8,-4.9,,,368.5,125.7,11.7,51.2,0.02,0.1,952.5,373.7,355.3,10.0,44.51,29.0,Drive Test N'Zérékoré 2025-Q4
CELCOM,BKE,Boké,11.238789,-14.169593,INTERNET,2025-10-12T09:39:00.000Z,-99.6,-111.8,-17.4,-2.4,,,295.0,78.6,17.2,66.1,0.29,0.18,1318.0,105.1,1563.5,5.0,54.98,33.3,Drive Test Boké 2025-Q4
CELCOM,KDR,Koundara,12.242964,-12.933221,MOBILE,2025-11-21T16:42:43.000Z,-97.2,-114.4,-18.5,-2.2,,,922.9,62.5,21.3,50.4,0.39,0.04,874.3,165.1,1250.3,4.0,32.2,24.65,Drive Test Koundara 2025-Q4
CELCOM,MMU,Mamou,10.518187,-12.080134,MOBILE,2025-10-26T00:35:44.000Z,-95.5,-112.8,-18.9,-5.3,,,631.8,61.9,32.4,50.9,0.25,0.11,324.6,578.5,1029.5,5.0,45.27,18.69,Drive Test Mamou 2025-Q4
CELCOM,DLB,Dalaba,10.919906,-11.996055,MOBILE,2025-12-18T00:15:14.000Z,-90.1,-123.3,-19.1,-11.3,,,684.8,32.6,25.6,37.7,0.22,0.04,1385.6,259.4,1368.5,1.0,34.16,18.85,Drive Test Dalaba 2025-Q4
CELCOM,ZKR,N'Zérékoré,7.596634,-8.785477,MOBILE,2025-10-19T09:03:28.000Z,-70.9,-78.9,-14.3,0.0,6.7,2.7,56.9,13.5,74.6,11.9,,,,,,45.0,9.02,,Drive Test N'Zérékoré 2025-Q4
CELCOM,MMU,Mamou,10.590264,-11.954337,MOBILE,2025-10-26T23:17:19.000Z,-60.8,-73.7,-10.0,0.9,6.5,3.2,44.9,9.6,72.4,9.0,,,,,,45.0,9.37,,Drive Test Mamou 2025-Q4
CELCOM,KIN,Kindia,10.069706,-12.869671,MOBILE,2025-10-21T09:19:05.000Z,-97.4,-114.0,-17.5,-9.9,,,431.2,142.2,18.1,53.3,0.08,0.16,739.0,179.5,322.5,14.0,42.68,10.64,Drive Test Kindia 2025-Q4
CELCOM,KKA,Kankan,10.624298,-9.401207,MOBILE,2025-12-12T12:14:19.000Z,-70.3,-82.9,-8.7,0.6,7.7,2.6,43.8,11.8,72.0,9.6,,,,,,48.0,5.85,,Drive Test Kankan 2025-Q4
CELCOM,SGR,Siguiri,11.123986,-8.875947,MOBILE,2025-11-08T05:48:52.000Z,-106.3,-111.0,-18.3,-6.6,,,928.8,102.0,1.3,56.5,0.23,0.08,1500.8,517.5,594.2,10.0,46.73,34.52,Drive Test Siguiri 2025-Q4
CELCOM,CYA,Coyah,9.692909,-13.377237,MOBILE,2025-12-17T13:27:18.000Z,-72.3,-78.6,-14.1,5.6,5.6,3.0,50.9,12.7,73.4,10.6,,,,,,52.0,6.35,,Drive Test Coyah 2025-Q4
CELCOM,CYA,Coyah,9.799568,-13.425726,INTERNET,2025-10-22T10:28:36.000Z,-66.3,-89.4,-13.5,5.7,11.3,3.4,42.8,15.4,72.8,11.2,14.92,5.21,56.7,76.4,106.2,44.0,8.38,4.52,Drive Test Coyah 2025-Q4
